[{"image_id": 508605, "file_name": "000000508605.jpg", "caption": "boy rides skateboard and does trick over stairs."}, {"image_id": 373193, "file_name": "000000373193.jpg", "caption": "a girl is sitting by her dog on the stairs."}, {"image_id": 163333, "file_name": "000000163333.jpg", "caption": "a train is parked as a man at the top of the stairs waits along side it."}, {"image_id": 515854, "file_name": "000000515854.jpg", "caption": "a group of people boarding a passenger jet up stairs."}, {"image_id": 163167, "file_name": "000000163167.jpg", "caption": "a kitchen under the stairs with a person in it"}, {"image_id": 48674, "file_name": "000000048674.jpg", "caption": "a girl wearing a dress stands facing a wall that is near a staircase."}, {"image_id": 537611, "file_name": "000000537611.jpg", "caption": "a mud covered motor cycle parked by some stairs"}, {"image_id": 355370, "file_name": "000000355370.jpg", "caption": "there are many people climbing the stairs into the airplane."}, {"image_id": 220171, "file_name": "000000220171.jpg", "caption": "a bench next to a wall with a staircase behind it."}, {"image_id": 233446, "file_name": "000000233446.jpg", "caption": "a cat sitting on the steps in front of its cat door."}, {"image_id": 397523, "file_name": "000000397523.jpg", "caption": "train doors open with steps on platform and pole"}, {"image_id": 135275, "file_name": "000000135275.jpg", "caption": "the car is parked beside of the building with stairs."}, {"image_id": 569, "file_name": "000000000569.jpg", "caption": "a man is flying  a kite near some steps"}, {"image_id": 221910, "file_name": "000000221910.jpg", "caption": "a stone staircase and window in a building."}, {"image_id": 20307, "file_name": "000000020307.jpg", "caption": "a bicycle sitting beside a black door and steps."}, {"image_id": 416271, "file_name": "000000416271.jpg", "caption": "the people are coming down the stairs from the plane."}, {"image_id": 418535, "file_name": "000000418535.jpg", "caption": "an older man walking down the street near stairs."}, {"image_id": 269511, "file_name": "000000269511.jpg", "caption": "a siamese cat is sitting on some old steps."}, {"image_id": 275929, "file_name": "000000275929.jpg", "caption": "a bunch of toilets laying on some cement stairs next to a building"}, {"image_id": 297620, "file_name": "000000297620.jpg", "caption": "a large open room with a long white staircase."}, {"image_id": 70813, "file_name": "000000070813.jpg", "caption": "a cozy bed stands between two windows within an upstairs bedroom."}, {"image_id": 456756, "file_name": "000000456756.jpg", "caption": "a giraffe is standing outside near stone steps. "}, {"image_id": 483897, "file_name": "000000483897.jpg", "caption": "a person riding on the back of a horse up some steps."}, {"image_id": 297980, "file_name": "000000297980.jpg", "caption": "a bunch of birds that are sitting on steps."}, {"image_id": 495687, "file_name": "000000495687.jpg", "caption": "someone riding a skateboard down a bunch of stairs"}, {"image_id": 464153, "file_name": "000000464153.jpg", "caption": "a man on a scooter at the top of some steps"}, {"image_id": 374984, "file_name": "000000374984.jpg", "caption": "the broken toilet is outside by the steps."}, {"image_id": 230096, "file_name": "000000230096.jpg", "caption": "a group of elderly people sitting atop stone steps."}, {"image_id": 35328, "file_name": "000000035328.jpg", "caption": "stairs are leading down into the streets where there is a bus."}, {"image_id": 500859, "file_name": "000000500859.jpg", "caption": "grey striped cat relaxing on the deck stairs"}, {"image_id": 170849, "file_name": "000000170849.jpg", "caption": "four birds are landing on cement steps near a beach."}, {"image_id": 433547, "file_name": "000000433547.jpg", "caption": "the couple is sitting on the bench at the top of the sunny steps."}, {"image_id": 12179, "file_name": "000000012179.jpg", "caption": "the head and upper neck of a giraffe with a hill behind it and a staircase and building on the hill area."}, {"image_id": 179948, "file_name": "000000179948.jpg", "caption": "a traffic light next to a set of stairs."}, {"image_id": 45248, "file_name": "000000045248.jpg", "caption": "some stairs and some people and a red white and black sign"}, {"image_id": 469119, "file_name": "000000469119.jpg", "caption": "a little boy standing on the steps of a bus."}, {"image_id": 410339, "file_name": "000000410339.jpg", "caption": "a woman walking down a flight of stairs."}, {"image_id": 160872, "file_name": "000000160872.jpg", "caption": "a train engine on display next to a set of stairs."}, {"image_id": 186428, "file_name": "000000186428.jpg", "caption": "a train riding over a stone bridge near some steps."}, {"image_id": 536720, "file_name": "000000536720.jpg", "caption": "a little girl climbing up steps to touch a giraffe."}, {"image_id": 348379, "file_name": "000000348379.jpg", "caption": "group of protesters with red and white signs on concrete steps. "}, {"image_id": 301977, "file_name": "000000301977.jpg", "caption": "a black and white cow on stairs in a market area."}, {"image_id": 429558, "file_name": "000000429558.jpg", "caption": "a train is parked next to stairs and a building."}, {"image_id": 4980, "file_name": "000000004980.jpg", "caption": "a woman holding a suitcase standing on the stairs of a train car."}, {"image_id": 300479, "file_name": "000000300479.jpg", "caption": "a locomotive parked on a display with steps coming out of it."}, {"image_id": 350988, "file_name": "000000350988.jpg", "caption": "a group of seats are placed on steps."}, {"image_id": 115070, "file_name": "000000115070.jpg", "caption": "two orange cats on steps with a  bench in the background."}, {"image_id": 333412, "file_name": "000000333412.jpg", "caption": "stairs lead down towards a fire between benches in a garden."}, {"image_id": 338065, "file_name": "000000338065.jpg", "caption": "a front view of a jet airliner with wheels down and stairs extended."}, {"image_id": 222811, "file_name": "000000222811.jpg", "caption": "a set of stairs has a window underneath it."}, {"image_id": 483475, "file_name": "000000483475.jpg", "caption": "some people standing at the top of some stairs "}, {"image_id": 541435, "file_name": "000000541435.jpg", "caption": "the counter of a coffee shop advertises additional seating downstairs."}, {"image_id": 393578, "file_name": "000000393578.jpg", "caption": "a view of a bus and pedestrians on a busy city street from the top of a staircase."}, {"image_id": 330750, "file_name": "000000330750.jpg", "caption": "a bench at the top of steps on the side of a grassy hill next to a large building."}, {"image_id": 154883, "file_name": "000000154883.jpg", "caption": "a large cow stairs across the snowy fields"}, {"image_id": 12731, "file_name": "000000012731.jpg", "caption": "a bunch of stairs sit over a train "}, {"image_id": 308003, "file_name": "000000308003.jpg", "caption": "stairs that have some fading green paint on them."}, {"image_id": 487692, "file_name": "000000487692.jpg", "caption": "the man gives the thumbs up as he steps off the red bus."}, {"image_id": 523394, "file_name": "000000523394.jpg", "caption": "a pair of orange and white vans steps upon the underside of a skateboard."}, {"image_id": 534151, "file_name": "000000534151.jpg", "caption": "an elephants steps out from behind the brush."}, {"image_id": 55981, "file_name": "000000055981.jpg", "caption": "a little red headed girl standing by the stairs holding onto a suitcase"}, {"image_id": 102517, "file_name": "000000102517.jpg", "caption": "a man in glasses with a mustache standing in front of stairs to a doorway."}, {"image_id": 219820, "file_name": "000000219820.jpg", "caption": "a series of steep stairs lay next to a lake"}, {"image_id": 235131, "file_name": "000000235131.jpg", "caption": "a harbor with various boats and people walking up stairs."}, {"image_id": 208549, "file_name": "000000208549.jpg", "caption": "a lady is standing alongside steps that lead up a saddled bull."}, {"image_id": 468005, "file_name": "000000468005.jpg", "caption": "an elephant standing on dirt area next to people on stairs."}, {"image_id": 434576, "file_name": "000000434576.jpg", "caption": "a gray, black and white cat with green eyes steps over a pair of brown loafers."}, {"image_id": 417588, "file_name": "000000417588.jpg", "caption": "a multicolored parking meter on sidewalk next to stairs."}, {"image_id": 280464, "file_name": "000000280464.jpg", "caption": "a person in yellow raincoat with umbrella on stairs."}, {"image_id": 330348, "file_name": "000000330348.jpg", "caption": "a man sitting on a set of steps while scratching his ear. "}, {"image_id": 49075, "file_name": "000000049075.jpg", "caption": "a train car has steps placed on the side of it."}, {"image_id": 379667, "file_name": "000000379667.jpg", "caption": "there is a man sitting on steps smoking a cigarette "}, {"image_id": 398637, "file_name": "000000398637.jpg", "caption": "a formally dressed couple in tuxedo and evening gown on the steps on a building."}, {"image_id": 221044, "file_name": "000000221044.jpg", "caption": "a woman going down the stairs with a backpack on and a suitcase in her hand. "}, {"image_id": 558966, "file_name": "000000558966.jpg", "caption": "a collection of luggage waiting by the stairs."}, {"image_id": 238199, "file_name": "000000238199.jpg", "caption": "a young man jumping off a staircase while riding a skate board."}, {"image_id": 305223, "file_name": "000000305223.jpg", "caption": "a paddle boat near some steps close to a light tower."}, {"image_id": 122229, "file_name": "000000122229.jpg", "caption": "two men taking care of an elephant near stairs."}, {"image_id": 381870, "file_name": "000000381870.jpg", "caption": "two people are leading an elephant up stairs"}, {"image_id": 61722, "file_name": "000000061722.jpg", "caption": "the young men in suits are posing on a staircase."}, {"image_id": 502141, "file_name": "000000502141.jpg", "caption": "freshly constructed stone steps lead up to the backyard patio through the dirt."}, {"image_id": 248956, "file_name": "000000248956.jpg", "caption": "a skateboarder taking a jump down a flight of steps"}, {"image_id": 402662, "file_name": "000000402662.jpg", "caption": "a skateboarder who is jumping down a flight of stairs"}, {"image_id": 308026, "file_name": "000000308026.jpg", "caption": "a skateboarder doing a trick on the side of concrete steps."}, {"image_id": 329258, "file_name": "000000329258.jpg", "caption": "a young man attempting to jump down some steps on a skateboard"}, {"image_id": 151394, "file_name": "000000151394.jpg", "caption": "a skateboarder is going down the handrail on stairs."}, {"image_id": 451463, "file_name": "000000451463.jpg", "caption": "a young girl having fun going down the stairs on her skate board"}, {"image_id": 235340, "file_name": "000000235340.jpg", "caption": "hang time, young man skate boarding down stairs."}, {"image_id": 209904, "file_name": "000000209904.jpg", "caption": "the skateboard jumps down a flight of stairs near an audience."}, {"image_id": 16521, "file_name": "000000016521.jpg", "caption": "two women are on a set of brown stairs."}, {"image_id": 308128, "file_name": "000000308128.jpg", "caption": "a lone skateboarder balancing on steps in practice area of a park."}, {"image_id": 306135, "file_name": "000000306135.jpg", "caption": "the man is walking up the stairs near a horse and rider statue."}, {"image_id": 13892, "file_name": "000000013892.jpg", "caption": "a boy in a black cap is suspended in the air above a skateboard and a small staircase."}, {"image_id": 97646, "file_name": "000000097646.jpg", "caption": "two skateboarders walking up some steps one is holding two skateboards"}, {"image_id": 28174, "file_name": "000000028174.jpg", "caption": "a man riding a skateboard off of brick steps."}, {"image_id": 13465, "file_name": "000000013465.jpg", "caption": "two people doing a skateboard trick above a concrete set of stairs."}, {"image_id": 199346, "file_name": "000000199346.jpg", "caption": "a group of people walking next to stairs."}, {"image_id": 430670, "file_name": "000000430670.jpg", "caption": "a man riding a skateboard down a set of steps."}, {"image_id": 147681, "file_name": "000000147681.jpg", "caption": "two pictures show a skateboarder riding down the hand rail of some stairs."}, {"image_id": 365701, "file_name": "000000365701.jpg", "caption": "a baseball pitcher steps forward as he winds up a pitch."}, {"image_id": 363522, "file_name": "000000363522.jpg", "caption": "a man skating on stairs next to a building as people watch him"}, {"image_id": 129645, "file_name": "000000129645.jpg", "caption": "a man flying over a set of steps near a hill."}, {"image_id": 265462, "file_name": "000000265462.jpg", "caption": "a man riding a skateboard down a bunch of steps."}, {"image_id": 78838, "file_name": "000000078838.jpg", "caption": "a group of people sitting together on some steps"}, {"image_id": 307943, "file_name": "000000307943.jpg", "caption": "a skateboarder flips his board near outdoor stairs."}, {"image_id": 14167, "file_name": "000000014167.jpg", "caption": "boy doing a trick on skateboard in front of cement steps"}, {"image_id": 346275, "file_name": "000000346275.jpg", "caption": "a boy jumping his skate board over some steps"}, {"image_id": 285751, "file_name": "000000285751.jpg", "caption": "guy jumping up set of steps with his skateboard"}, {"image_id": 80145, "file_name": "000000080145.jpg", "caption": "a person on skis in front of stairs"}, {"image_id": 508538, "file_name": "000000508538.jpg", "caption": "a group of boys at some steps with skateboards."}, {"image_id": 495989, "file_name": "000000495989.jpg", "caption": "a man jumps down stairs while attempting a skate trick with many people in the background watching."}, {"image_id": 108056, "file_name": "000000108056.jpg", "caption": "a man riding a skateboard down a set of steps."}, {"image_id": 421218, "file_name": "000000421218.jpg", "caption": "skateboarder is riding his skateboard down the steps."}, {"image_id": 43375, "file_name": "000000043375.jpg", "caption": "a green apple and knife on dark wooden stairs"}, {"image_id": 109308, "file_name": "000000109308.jpg", "caption": "young man skateboarding near the top of the steps."}, {"image_id": 407067, "file_name": "000000407067.jpg", "caption": "a skateboarder is doing a trick on cement steps."}, {"image_id": 63729, "file_name": "000000063729.jpg", "caption": "a group of apples sitting on top of a set of stone steps."}, {"image_id": 120544, "file_name": "000000120544.jpg", "caption": "a boy skating very high on the walking steps"}, {"image_id": 113989, "file_name": "000000113989.jpg", "caption": "a man on a skateboard jumping down a short flight of stairs "}, {"image_id": 94619, "file_name": "000000094619.jpg", "caption": "a teen boy riding a skateboard down the sidewalk next to some stairs "}, {"image_id": 272311, "file_name": "000000272311.jpg", "caption": "the animals and their jockeys are beside the steps."}, {"image_id": 370935, "file_name": "000000370935.jpg", "caption": "a man flying through the air over steps."}, {"image_id": 281072, "file_name": "000000281072.jpg", "caption": "a man riding a skateboard down some cement steps."}, {"image_id": 373486, "file_name": "000000373486.jpg", "caption": "the boy is skateboarding down the long  steps"}, {"image_id": 204067, "file_name": "000000204067.jpg", "caption": "a baseball player steps in to the batters box "}, {"image_id": 245497, "file_name": "000000245497.jpg", "caption": "a person jumping off the steps on a skateboard"}, {"image_id": 177919, "file_name": "000000177919.jpg", "caption": "a man riding a skateboard down cement steps."}, {"image_id": 165643, "file_name": "000000165643.jpg", "caption": "a woman is sitting on a horse next to the steps"}, {"image_id": 360181, "file_name": "000000360181.jpg", "caption": "a man riding a skateboard up into the air over steps."}, {"image_id": 4840, "file_name": "000000004840.jpg", "caption": "a young man is skateboarding off some steps and into the air.  "}, {"image_id": 158583, "file_name": "000000158583.jpg", "caption": "a man riding a skateboard over some steps."}, {"image_id": 357356, "file_name": "000000357356.jpg", "caption": "a young man is throwing a frisbee up in the air and catching it between a house entryway with a railing and a garden area with steps."}, {"image_id": 524061, "file_name": "000000524061.jpg", "caption": "a set of steps is stopping a skateboarder from jumping the curb. "}, {"image_id": 227772, "file_name": "000000227772.jpg", "caption": "a skateboarder riding down the concrete handrail of stairs "}, {"image_id": 286460, "file_name": "000000286460.jpg", "caption": "a man holding skis and poles walking up stairs."}, {"image_id": 565438, "file_name": "000000565438.jpg", "caption": "a man riding a skateboard down the side of some steps."}, {"image_id": 376793, "file_name": "000000376793.jpg", "caption": "a person is laying down near a set of steps"}, {"image_id": 211097, "file_name": "000000211097.jpg", "caption": "a man doing a trick on a skateboard over some steps."}, {"image_id": 95770, "file_name": "000000095770.jpg", "caption": "a kid is doing a skateboard trick down some stairs"}, {"image_id": 391688, "file_name": "000000391688.jpg", "caption": "a young man riding a rail down some stairs on a skateboard."}, {"image_id": 143901, "file_name": "000000143901.jpg", "caption": "a woman holding a lit birthday cake at the base of the stairs."}, {"image_id": 34096, "file_name": "000000034096.jpg", "caption": "a partially-built house with wooden studs and staircase in view."}, {"image_id": 535452, "file_name": "000000535452.jpg", "caption": "a man is playing tennis in front of steps"}, {"image_id": 283005, "file_name": "000000283005.jpg", "caption": "two men walk towards the steps while one carries a surfboard."}, {"image_id": 89273, "file_name": "000000089273.jpg", "caption": "a collage is showing the steps of preparing a cake."}, {"image_id": 174332, "file_name": "000000174332.jpg", "caption": "a man holding a snowboard standing at the bottom of steps."}, {"image_id": 28692, "file_name": "000000028692.jpg", "caption": "a young man on a skate board high in the air near some steps."}, {"image_id": 189067, "file_name": "000000189067.jpg", "caption": "a person is riding a skateboard down the stairs."}, {"image_id": 300012, "file_name": "000000300012.jpg", "caption": "a person on a skateboard does a trick on stairs."}, {"image_id": 512223, "file_name": "000000512223.jpg", "caption": "a brown leather couch sits at the bottom of the steps."}, {"image_id": 449958, "file_name": "000000449958.jpg", "caption": "a male skateboarder flying in the air over a set of steps."}, {"image_id": 12979, "file_name": "000000012979.jpg", "caption": "a teen riding a skateboard next to some stairs "}, {"image_id": 182834, "file_name": "000000182834.jpg", "caption": "a room of chairs and sofa with red stairs next to it.  "}, {"image_id": 454457, "file_name": "000000454457.jpg", "caption": "the skateboarder makes a jump above a rail and stairs."}, {"image_id": 140661, "file_name": "000000140661.jpg", "caption": "interior view of a kitchen with a small bar area, wood floors and stairs to an upstairs area."}, {"image_id": 451668, "file_name": "000000451668.jpg", "caption": "a break room where people work and stairs in the background."}, {"image_id": 423464, "file_name": "000000423464.jpg", "caption": "a kid performs a trick off of some steps "}, {"image_id": 103017, "file_name": "000000103017.jpg", "caption": "an unmade single bed in an upstairs bedroom in the early afternoon"}, {"image_id": 397522, "file_name": "000000397522.jpg", "caption": "a young man skating on some stairs in a pavement"}, {"image_id": 204432, "file_name": "000000204432.jpg", "caption": "a man and a woman sitting on steps in front a building with food. "}, {"image_id": 483358, "file_name": "000000483358.jpg", "caption": "a man carrying a surf board steps into a wave."}, {"image_id": 26735, "file_name": "000000026735.jpg", "caption": "a messy room with a bunk bed and some stairs"}, {"image_id": 563574, "file_name": "000000563574.jpg", "caption": "a person wearing a hat standing on some steps with a toothbrush in his mouth."}, {"image_id": 468603, "file_name": "000000468603.jpg", "caption": "the young person is jumping down steps on his skateboard. "}, {"image_id": 136021, "file_name": "000000136021.jpg", "caption": "an array of images shows the steps to making a cheesecake, from recipe, all the way to a finished fruit-topped cake with  a wedge missing. "}, {"image_id": 16318, "file_name": "000000016318.jpg", "caption": "a young man is doing a trick over some stairs."}, {"image_id": 401240, "file_name": "000000401240.jpg", "caption": "people walking up the stairs at waterloo station"}, {"image_id": 467285, "file_name": "000000467285.jpg", "caption": "a baseball player steps in the batters box and prepares to hit."}, {"image_id": 247474, "file_name": "000000247474.jpg", "caption": "a woman and young child pose on steps with  teddy bear statue"}, {"image_id": 70190, "file_name": "000000070190.jpg", "caption": "photo taking in a building looking at a staircase."}, {"image_id": 188865, "file_name": "000000188865.jpg", "caption": "a couple posing by the stairs while holding on to tennis rackets"}, {"image_id": 186977, "file_name": "000000186977.jpg", "caption": "a boy wearing pants and a shirt holds a tennis racket while standing near a set of steps."}, {"image_id": 263292, "file_name": "000000263292.jpg", "caption": "a walkway and stairs below a clock at an entrance."}, {"image_id": 489815, "file_name": "000000489815.jpg", "caption": "there is a clock tower on top of a staircase."}, {"image_id": 129576, "file_name": "000000129576.jpg", "caption": "a living area has a blue sectional couch, brown ottoman, bicycles, tv and stairs."}, {"image_id": 76334, "file_name": "000000076334.jpg", "caption": "a bride and groom walking down the steps with rice in the air."}, {"image_id": 454296, "file_name": "000000454296.jpg", "caption": "the set of stairs leads up to another flight of stairs."}, {"image_id": 526414, "file_name": "000000526414.jpg", "caption": "an upstairs living room is decorated nicely and holds a sewing machine."}, {"image_id": 295593, "file_name": "000000295593.jpg", "caption": "men playing video game on table with stairs in background"}, {"image_id": 216369, "file_name": "000000216369.jpg", "caption": "a clock sitting in front of a set of steps leading up to a tall building."}, {"image_id": 305329, "file_name": "000000305329.jpg", "caption": "a baseball player steps to the plate while the catcher prepares for the throw."}, {"image_id": 224509, "file_name": "000000224509.jpg", "caption": "large screen television sitting next to a set of stairs. "}, {"image_id": 375503, "file_name": "000000375503.jpg", "caption": "scene from the top of stairs looking down at den with desk and tall clock."}, {"image_id": 322848, "file_name": "000000322848.jpg", "caption": "a baseball player steps into the batters box."}, {"image_id": 450596, "file_name": "000000450596.jpg", "caption": "sitting area of home near stairs and kitchen area."}, {"image_id": 71727, "file_name": "000000071727.jpg", "caption": "a laptop on a porch next to steps"}, {"image_id": 503081, "file_name": "000000503081.jpg", "caption": "a mall filled with lots of stairs and a large clock."}, {"image_id": 390760, "file_name": "000000390760.jpg", "caption": "the people are flying kites outside by the steps."}, {"image_id": 23709, "file_name": "000000023709.jpg", "caption": "a boy holding a tennis racket on a staircase."}, {"image_id": 467116, "file_name": "000000467116.jpg", "caption": "man holding edible object in hand on walkway near stairs."}, {"image_id": 421146, "file_name": "000000421146.jpg", "caption": "fans watch as a baseball player steps up to the plate."}, {"image_id": 246053, "file_name": "000000246053.jpg", "caption": "a man holding a cell phone standing next to a statue and stairs."}, {"image_id": 512220, "file_name": "000000512220.jpg", "caption": "a man sitting on the steps using his cell phone"}, {"image_id": 445953, "file_name": "000000445953.jpg", "caption": "a man dressed in a costume sitting on some steps."}, {"image_id": 189371, "file_name": "000000189371.jpg", "caption": "a man holds out his wilson tennis racket as he steps forward."}, {"image_id": 78312, "file_name": "000000078312.jpg", "caption": "a building with a clock, a staircase and a glass ceiling."}, {"image_id": 403672, "file_name": "000000403672.jpg", "caption": "a boy in a baseball uniform steps up to bat."}, {"image_id": 534268, "file_name": "000000534268.jpg", "caption": "a living room setting with a wall of bookshelves, a chair and stairs to the upper level."}, {"image_id": 314865, "file_name": "000000314865.jpg", "caption": "a house has a small staircase and a disconnected refrigerator. "}, {"image_id": 105973, "file_name": "000000105973.jpg", "caption": "a baseball player steps up to the plate. "}, {"image_id": 82518, "file_name": "000000082518.jpg", "caption": "a stadium area with seated watchers, bisected with blue steps leads downward to a blue wall with printed logos and a tennis court with a white-wearing woman. grasping a racquet with an upwards stretched arm that is reaching for a tennis ball.  "}, {"image_id": 493623, "file_name": "000000493623.jpg", "caption": "two people in a white room next to stairs."}, {"image_id": 361172, "file_name": "000000361172.jpg", "caption": "this is a red vase on top of some stairs"}, {"image_id": 480545, "file_name": "000000480545.jpg", "caption": "a set of stairs lead to a toilet and cabinet in a bathroom."}, {"image_id": 252018, "file_name": "000000252018.jpg", "caption": "an elephant in an enclosure standing on stairs."}, {"image_id": 319139, "file_name": "000000319139.jpg", "caption": "a group of young men sitting on steps in front of the ocean."}, {"image_id": 69616, "file_name": "000000069616.jpg", "caption": "a cat standing on steps who is tied outside on a leash."}, {"image_id": 460910, "file_name": "000000460910.jpg", "caption": "a bike parked in front of an architectural building with columns and staircase."}, {"image_id": 212786, "file_name": "000000212786.jpg", "caption": "an image of half a bathroom and half stairs."}, {"image_id": 389112, "file_name": "000000389112.jpg", "caption": "a guy is jumping a set of steps on a skateboard"}, {"image_id": 44327, "file_name": "000000044327.jpg", "caption": "a person with a red helmet skateboarding down a railing of a concrete staircase."}, {"image_id": 220843, "file_name": "000000220843.jpg", "caption": "both a bicycle and a moped are parked near porch steps."}, {"image_id": 468530, "file_name": "000000468530.jpg", "caption": "a living room with stairs and a group of people."}, {"image_id": 85647, "file_name": "000000085647.jpg", "caption": "a small kitchen with stove near some stairs."}, {"image_id": 513795, "file_name": "000000513795.jpg", "caption": "people alight from the back stairs of a plane."}, {"image_id": 512375, "file_name": "000000512375.jpg", "caption": "a delta airplane outside of a hanger with people boarding on the stairs."}, {"image_id": 378494, "file_name": "000000378494.jpg", "caption": "a boy with a helmet jumps his skateboard down a set of stairs."}, {"image_id": 487693, "file_name": "000000487693.jpg", "caption": "the kids with skateboards are at the steps."}, {"image_id": 394682, "file_name": "000000394682.jpg", "caption": "there is a white and brown dog sitting on the steps"}, {"image_id": 520316, "file_name": "000000520316.jpg", "caption": "a view of a white bathtub with beige tile stairs in a bathroom. "}, {"image_id": 107633, "file_name": "000000107633.jpg", "caption": "a beautiful tub with ceramic steps, and ceramic tiles on the walls."}, {"image_id": 253447, "file_name": "000000253447.jpg", "caption": "adult on scooter or roadway passing stairs and parking area."}, {"image_id": 436809, "file_name": "000000436809.jpg", "caption": "a girl posing on steps holding an umbrella"}, {"image_id": 481940, "file_name": "000000481940.jpg", "caption": "passengers boarding a plane via a movable staircase."}, {"image_id": 351203, "file_name": "000000351203.jpg", "caption": "a cat wearing a leash is sitting on the steps to a place. "}, {"image_id": 265833, "file_name": "000000265833.jpg", "caption": "a skatebaorder performing a stunt near concrete steps."}, {"image_id": 473085, "file_name": "000000473085.jpg", "caption": "a bathroom with a long vanity, a sink, a window, and s steps."}, {"image_id": 88192, "file_name": "000000088192.jpg", "caption": "a kitchen has a window view of a staircase."}, {"image_id": 233614, "file_name": "000000233614.jpg", "caption": "black and white kitchen in void of people and pets have stairs leading from the area "}, {"image_id": 36996, "file_name": "000000036996.jpg", "caption": "an upstairs bathroom is pictured in this image."}, {"image_id": 137275, "file_name": "000000137275.jpg", "caption": "a tiny upstairs bathroom in white with dark tile."}, {"image_id": 456076, "file_name": "000000456076.jpg", "caption": "a bathroom with wooden steps and old furnishings"}, {"image_id": 128299, "file_name": "000000128299.jpg", "caption": "a room with a couach and plant in it next to some stairs with a kitchen in the background."}, {"image_id": 123333, "file_name": "000000123333.jpg", "caption": "an older man sitting on a set of steps."}, {"image_id": 390593, "file_name": "000000390593.jpg", "caption": "a large clock set above a set of stairs."}, {"image_id": 63252, "file_name": "000000063252.jpg", "caption": "a dog is on the steps looking in to a door."}, {"image_id": 281997, "file_name": "000000281997.jpg", "caption": "people are walking down the stairs after exiting the airplane."}, {"image_id": 247209, "file_name": "000000247209.jpg", "caption": "an airplane on the runway with steps near it,"}, {"image_id": 541541, "file_name": "000000541541.jpg", "caption": "the man steps onto the wing of the plane to go inside."}, {"image_id": 310989, "file_name": "000000310989.jpg", "caption": "a man on a large set of portable stairs leaning over the windshield of an airplane."}, {"image_id": 235959, "file_name": "000000235959.jpg", "caption": "a plane with stairs next to it sitting in a large lot."}, {"image_id": 82275, "file_name": "000000082275.jpg", "caption": "people walking down the steps after getting off a plane"}, {"image_id": 370973, "file_name": "000000370973.jpg", "caption": "a small white dog standing on steps on the sunny day."}, {"image_id": 532310, "file_name": "000000532310.jpg", "caption": "a large building has green stairs and a clock tower."}, {"image_id": 28007, "file_name": "000000028007.jpg", "caption": "the two large jets each have stairs on the side on them."}, {"image_id": 228474, "file_name": "000000228474.jpg", "caption": "airplanes at an airport with the stairs down."}, {"image_id": 6777, "file_name": "000000006777.jpg", "caption": "a person sitting on stone steps in front of a church."}, {"image_id": 465008, "file_name": "000000465008.jpg", "caption": "a airplane on the runway with its steps down"}, {"image_id": 376757, "file_name": "000000376757.jpg", "caption": "people getting off a plane via a staircase."}, {"image_id": 68668, "file_name": "000000068668.jpg", "caption": "a black motorcycle parked near the stairs to a building."}, {"image_id": 279451, "file_name": "000000279451.jpg", "caption": "a jet on a runway with workers preparing to attach the departure stairs."}, {"image_id": 119982, "file_name": "000000119982.jpg", "caption": "airplane on the tarmac with stairs let down and a canopy over the stairs"}, {"image_id": 310390, "file_name": "000000310390.jpg", "caption": "a white and black dog steps onto a doormat."}, {"image_id": 8311, "file_name": "000000008311.jpg", "caption": "two planes with stairs up to them on the tarmac."}, {"image_id": 488787, "file_name": "000000488787.jpg", "caption": "an airplane parked with a staircase going up to it."}, {"image_id": 426806, "file_name": "000000426806.jpg", "caption": "two restroom stalls have steps leading to squat toilets."}, {"image_id": 550482, "file_name": "000000550482.jpg", "caption": "the airplane is sitting on the tarmac with stairs pushed up to it."}, {"image_id": 408456, "file_name": "000000408456.jpg", "caption": "a set of stone steps leading up to a window."}, {"image_id": 192885, "file_name": "000000192885.jpg", "caption": "a patio with benches outside a brick building with stairs leading up to a door."}, {"image_id": 511774, "file_name": "000000511774.jpg", "caption": "three men walking down the stairs of the u.s. presidential plane."}, {"image_id": 76276, "file_name": "000000076276.jpg", "caption": "a black and a white dog walking down steps in front of a house."}, {"image_id": 549488, "file_name": "000000549488.jpg", "caption": "a dog is sitting on someone's front steps."}, {"image_id": 416729, "file_name": "000000416729.jpg", "caption": "the steps of the large passenger jet are extended."}, {"image_id": 22726, "file_name": "000000022726.jpg", "caption": "a commercial airplane with propellers and people near the disembarking stairs."}, {"image_id": 133247, "file_name": "000000133247.jpg", "caption": "motorized chair sits parked in front of steps to a store"}, {"image_id": 179698, "file_name": "000000179698.jpg", "caption": "cat lying on steps beneath green door near alley."}, {"image_id": 351654, "file_name": "000000351654.jpg", "caption": "various pictures showing the various steps to cook a meal are shown."}, {"image_id": 122438, "file_name": "000000122438.jpg", "caption": "a woman pulling a suitcase as she walks beside some stairs "}, {"image_id": 30345, "file_name": "000000030345.jpg", "caption": "a large white airplane has it's loading stairs down."}, {"image_id": 306433, "file_name": "000000306433.jpg", "caption": "a motorcycle that is parked by some stairs."}, {"image_id": 80098, "file_name": "000000080098.jpg", "caption": "a cat is sitting on the steps, staring at the door. "}, {"image_id": 128012, "file_name": "000000128012.jpg", "caption": "a jumbo jet plane with a set of steps on the doorway."}, {"image_id": 570852, "file_name": "000000570852.jpg", "caption": "an airplane parked on the tarmac with the door open and steps attached to the door."}, {"image_id": 425260, "file_name": "000000425260.jpg", "caption": "a cat is sitting outside the staircase of a hotel. "}, {"image_id": 564931, "file_name": "000000564931.jpg", "caption": "a woman sitting on some steps with her luggage"}, {"image_id": 273559, "file_name": "000000273559.jpg", "caption": "the wing of an airplane with people going down the stairs. "}, {"image_id": 371021, "file_name": "000000371021.jpg", "caption": "a view of a man standing by stairs from a motorcycle mirror."}, {"image_id": 452459, "file_name": "000000452459.jpg", "caption": "a bedroom with a desk and stairs to the bed."}, {"image_id": 182212, "file_name": "000000182212.jpg", "caption": "toilet up on top of steps in basement with broken boards"}, {"image_id": 552318, "file_name": "000000552318.jpg", "caption": "a airplane being flown over some people on stairs"}, {"image_id": 308475, "file_name": "000000308475.jpg", "caption": "a jetliner sitting on top of a tarmac with a staircase on it."}, {"image_id": 359860, "file_name": "000000359860.jpg", "caption": "a set of steps that lead up into a plane."}, {"image_id": 380931, "file_name": "000000380931.jpg", "caption": "an entrance to a home with steps before it."}, {"image_id": 543272, "file_name": "000000543272.jpg", "caption": "people wait to climb stairs onto a white airplane."}, {"image_id": 179388, "file_name": "000000179388.jpg", "caption": "the one of the two identical airliners has steps leading to the doorway."}, {"image_id": 273378, "file_name": "000000273378.jpg", "caption": "a man steps on a banana in the snow"}, {"image_id": 191457, "file_name": "000000191457.jpg", "caption": "an airplane on the tarmac with a machine with stairs connected to it. "}, {"image_id": 101882, "file_name": "000000101882.jpg", "caption": "a person moving a motorbike up two short steps into an enclosure."}, {"image_id": 138547, "file_name": "000000138547.jpg", "caption": "a group of people climb stairs leading to an airplane."}, {"image_id": 289312, "file_name": "000000289312.jpg", "caption": "an airplane is out on the runway and a truck is carrying stairs and a van is parked next to the truck with stairs."}, {"image_id": 363607, "file_name": "000000363607.jpg", "caption": "dappled light covers a street with a row of cars and two mounted police as well as a sidewalk with the lower part of a modern building, fronted by a statue and steps, and a curbing with  a line of trees. "}, {"image_id": 442785, "file_name": "000000442785.jpg", "caption": "a flat screen television is mounted by the stairs."}, {"image_id": 344374, "file_name": "000000344374.jpg", "caption": "inside a building there is a clock and stairs."}, {"image_id": 176849, "file_name": "000000176849.jpg", "caption": "a white toilet sitting inside of a restroom next to metal steps."}, {"image_id": 113261, "file_name": "000000113261.jpg", "caption": "many people are standing on the stairs leading to the doors of the huge jet.  "}, {"image_id": 130973, "file_name": "000000130973.jpg", "caption": "small vehicles are near two airliners that have portable stairs on their sides. "}, {"image_id": 256841, "file_name": "000000256841.jpg", "caption": "a dog sitting near the steps looking outside"}, {"image_id": 408815, "file_name": "000000408815.jpg", "caption": "red fire hydrant sitting in front of a set of stairs. "}, {"image_id": 77504, "file_name": "000000077504.jpg", "caption": "man people board the stairs of a plane. "}, {"image_id": 463830, "file_name": "000000463830.jpg", "caption": "brick houses with brown stairs stand near a wide sidewalk by a line of trees."}, {"image_id": 236389, "file_name": "000000236389.jpg", "caption": "a rusty bench is near the steps outside."}, {"image_id": 562863, "file_name": "000000562863.jpg", "caption": "a jumbo jet parked on a runway with passenger steps extended out."}, {"image_id": 416718, "file_name": "000000416718.jpg", "caption": "an airplane is on the tarmac, with a boarding staircase pushed against it."}, {"image_id": 228246, "file_name": "000000228246.jpg", "caption": "an air plane with steps leading up to it and large mountains behind."}, {"image_id": 393311, "file_name": "000000393311.jpg", "caption": "a propeller driven airplane with a set of stairs next to it"}, {"image_id": 535164, "file_name": "000000535164.jpg", "caption": "people walk up a steep staircase on a mountain trail."}, {"image_id": 115574, "file_name": "000000115574.jpg", "caption": "a passenger plane that has some stairs leading up to the fuselage."}, {"image_id": 368440, "file_name": "000000368440.jpg", "caption": "the uni air jet is parked, wtih the stairs rolled up to the door."}, {"image_id": 184161, "file_name": "000000184161.jpg", "caption": "the blue metal benches are next to a flight of stairs."}, {"image_id": 563070, "file_name": "000000563070.jpg", "caption": "a man stands on the entry stairs to a bus while an older woman looks on."}, {"image_id": 539676, "file_name": "000000539676.jpg", "caption": "a bench sitting on top of some steps by a wall."}, {"image_id": 187111, "file_name": "000000187111.jpg", "caption": "an airplane is parked on a runway with a staircase next to it. "}, {"image_id": 165492, "file_name": "000000165492.jpg", "caption": "a boat docked at a pier with a red bench and steps to a house."}, {"image_id": 435913, "file_name": "000000435913.jpg", "caption": "a giraffe steps through a number of rocks on the ground."}, {"image_id": 220390, "file_name": "000000220390.jpg", "caption": "a bus with metal steps on the back and blue stripes on the side."}, {"image_id": 506258, "file_name": "000000506258.jpg", "caption": "a man sitting with head back on a slatted bench outside on pavement, with stairs behind."}, {"image_id": 248029, "file_name": "000000248029.jpg", "caption": "plan in hanger with cord attached and stairs attached to open door"}, {"image_id": 128632, "file_name": "000000128632.jpg", "caption": "a lot of people standing on the steps of a huge building. "}, {"image_id": 281835, "file_name": "000000281835.jpg", "caption": "a bird is on the steps in a large city."}, {"image_id": 273001, "file_name": "000000273001.jpg", "caption": "a lady standing at the waters edge on steps leading to a lake."}, {"image_id": 81591, "file_name": "000000081591.jpg", "caption": "a cat is standing in the sunshine on steps."}, {"image_id": 444340, "file_name": "000000444340.jpg", "caption": "a yellow fire hydrant covered in snow near concrete steps."}, {"image_id": 550221, "file_name": "000000550221.jpg", "caption": "people walk up the stairs to get on a small airplane."}, {"image_id": 319492, "file_name": "000000319492.jpg", "caption": "a young man reads a book on a wooden bench as others sit on the wooden steps outside an urban building."}, {"image_id": 29005, "file_name": "000000029005.jpg", "caption": "the steps in making a pizza from crust, prepping the vegetables, placing the toppings, baking, and plating."}, {"image_id": 576026, "file_name": "000000576026.jpg", "caption": "red steps lead up to a yellow train car."}, {"image_id": 316542, "file_name": "000000316542.jpg", "caption": "a group of men stand on the steps for a picture."}, {"image_id": 575900, "file_name": "000000575900.jpg", "caption": "a red train car with a wooden staircase."}, {"image_id": 339498, "file_name": "000000339498.jpg", "caption": "a picture of a family on the steps of a house."}, {"image_id": 438063, "file_name": "000000438063.jpg", "caption": "conductor standing on the stairs leading into passenger train. "}, {"image_id": 211322, "file_name": "000000211322.jpg", "caption": "a group of animals are displayed on stairs."}, {"image_id": 494394, "file_name": "000000494394.jpg", "caption": "two men sit on steps while pigeons perch near them on the lower stairs."}, {"image_id": 558108, "file_name": "000000558108.jpg", "caption": "a red and white lighthouse with a spiral staircase on a rocky shore."}, {"image_id": 505865, "file_name": "000000505865.jpg", "caption": "a railroad stop with traffic signs that say no bicycles and there are stairs."}, {"image_id": 308968, "file_name": "000000308968.jpg", "caption": "a bright blue train is parked with steps leading in."}, {"image_id": 558886, "file_name": "000000558886.jpg", "caption": "a lot of snow has covered the steps of a house "}, {"image_id": 488547, "file_name": "000000488547.jpg", "caption": "a man walking up a flight of stairs soaked with rain."}, {"image_id": 418479, "file_name": "000000418479.jpg", "caption": "a water bird eating a fish in a lake by manmade concrete steps"}, {"image_id": 541280, "file_name": "000000541280.jpg", "caption": "a blue and yellow caboose car connected to a train rests on a railroad track in front of a building with stairs."}, {"image_id": 206837, "file_name": "000000206837.jpg", "caption": "a young boy standing on steps next to a small dog."}, {"image_id": 315415, "file_name": "000000315415.jpg", "caption": "a woman in a cap and knee high boots stands on steps as she looks at a phone."}, {"image_id": 105671, "file_name": "000000105671.jpg", "caption": " stuffed teddy bear sitting on top of steps holding an umbrella."}, {"image_id": 40962, "file_name": "000000040962.jpg", "caption": "a sign that is on a pole by stairs."}, {"image_id": 83593, "file_name": "000000083593.jpg", "caption": "a person riding down a flight of stairs near a forest."}, {"image_id": 88605, "file_name": "000000088605.jpg", "caption": "a man standing on a porch in front of a home on steps."}, {"image_id": 465169, "file_name": "000000465169.jpg", "caption": "a man wearing a hat and a back pack next to steps."}, {"image_id": 415093, "file_name": "000000415093.jpg", "caption": "a yellow train is next to some stairs."}, {"image_id": 432748, "file_name": "000000432748.jpg", "caption": "a small farm animal steps through the short grass of a green field."}, {"image_id": 18460, "file_name": "000000018460.jpg", "caption": "narrow beds line the walls of a small downstairs bedroom."}, {"image_id": 292805, "file_name": "000000292805.jpg", "caption": "a lady sitting on the steps using her cell phone."}, {"image_id": 467902, "file_name": "000000467902.jpg", "caption": "nighttime, a man steps from an entryway onto a pavement, alongside a barricaded construction area with warning signs, and struggles to open an umbrella. "}, {"image_id": 223432, "file_name": "000000223432.jpg", "caption": "a close up of a sign near a set of stairs "}, {"image_id": 396611, "file_name": "000000396611.jpg", "caption": "a couple of people ride down electronic stairs "}, {"image_id": 84638, "file_name": "000000084638.jpg", "caption": "narrow stairs going down into a korean retail store."}, {"image_id": 184937, "file_name": "000000184937.jpg", "caption": "a woman sitting on steps petting a cat."}, {"image_id": 547498, "file_name": "000000547498.jpg", "caption": "a man is laying on the ground while an elephant steps over him."}, {"image_id": 17954, "file_name": "000000017954.jpg", "caption": "six men standing on stairs in front of building with large columns."}, {"image_id": 153811, "file_name": "000000153811.jpg", "caption": "a cat sitting next to a dog  on a couch at the bottom of stairs."}, {"image_id": 553314, "file_name": "000000553314.jpg", "caption": "a man in a dress shirt and tie sitting on steps on a front porch."}, {"image_id": 489524, "file_name": "000000489524.jpg", "caption": "an outdoor covered porch area with stairs, next to several small boats lined up next to each other on the land."}, {"image_id": 442888, "file_name": "000000442888.jpg", "caption": "disgruntled cat and shoes at the top of stairs."}, {"image_id": 174738, "file_name": "000000174738.jpg", "caption": "a dog sitting on a bag looking up the stairs."}, {"image_id": 476530, "file_name": "000000476530.jpg", "caption": "a cat suns itself in an upstairs window."}, {"image_id": 566612, "file_name": "000000566612.jpg", "caption": "black and white photograph of three men standing on stairs."}, {"image_id": 98965, "file_name": "000000098965.jpg", "caption": "a train going down a track by a platform with stairs"}, {"image_id": 110250, "file_name": "000000110250.jpg", "caption": "a couple of cats that are by a stairs."}, {"image_id": 86981, "file_name": "000000086981.jpg", "caption": "a man steps off a train at a station."}, {"image_id": 79628, "file_name": "000000079628.jpg", "caption": "an old green truck on a dirt road with a set of stairs on it's back bumper. "}, {"image_id": 572627, "file_name": "000000572627.jpg", "caption": "a cat is sitting above a pair of shoes on the stairs."}, {"image_id": 291603, "file_name": "000000291603.jpg", "caption": "a cat sitting on steps outside looking around"}, {"image_id": 215488, "file_name": "000000215488.jpg", "caption": "a large black truck is depicted with a staircase."}, {"image_id": 332468, "file_name": "000000332468.jpg", "caption": "a dark stairwell with cement steps leading up to a dark area."}, {"image_id": 530962, "file_name": "000000530962.jpg", "caption": "the girl holds an umbrella while standing beside a flight of stairs. "}, {"image_id": 351809, "file_name": "000000351809.jpg", "caption": "a child and a dog walking on stairs near the water."}, {"image_id": 261585, "file_name": "000000261585.jpg", "caption": "two men sitting on steps and selling goods in the fog."}, {"image_id": 165063, "file_name": "000000165063.jpg", "caption": "two women sitting on the city steps under an umbrella."}, {"image_id": 22409, "file_name": "000000022409.jpg", "caption": "a red umbrella resting on a metal staircase. "}, {"image_id": 441480, "file_name": "000000441480.jpg", "caption": "the tables at the top of the steps have umbrellas to shade them from the sun."}, {"image_id": 38326, "file_name": "000000038326.jpg", "caption": "two gentlemen are standing on the steps talking and laughing."}, {"image_id": 64379, "file_name": "000000064379.jpg", "caption": "a person climbing up a long flight of stairs."}, {"image_id": 533633, "file_name": "000000533633.jpg", "caption": "two men under umbrellas on a large staircase\n"}, {"image_id": 387685, "file_name": "000000387685.jpg", "caption": "a black leather chair sitting on top of a set of wooden steps."}, {"image_id": 81714, "file_name": "000000081714.jpg", "caption": "a black and white image of a man in a suit sitting on a staircase"}, {"image_id": 404408, "file_name": "000000404408.jpg", "caption": "a woman reads the newspaper on some steps."}, {"image_id": 284691, "file_name": "000000284691.jpg", "caption": "a man taking luggage on a luggage cart down a flight of stairs."}, {"image_id": 414162, "file_name": "000000414162.jpg", "caption": "a group of people standing on steps holding a flag"}, {"image_id": 215534, "file_name": "000000215534.jpg", "caption": "a set of wooden steps with a flowery umbrella above them."}, {"image_id": 87029, "file_name": "000000087029.jpg", "caption": "a man is sitting on steps looking at a cell phone."}, {"image_id": 567189, "file_name": "000000567189.jpg", "caption": "two pieces of black luggage rest against the rails of a staircase."}, {"image_id": 476950, "file_name": "000000476950.jpg", "caption": "a girl with luggage is standing at doorsteps and posing for a picture."}, {"image_id": 333245, "file_name": "000000333245.jpg", "caption": "two baby elephants standing on stone steps and looking at each other."}, {"image_id": 349393, "file_name": "000000349393.jpg", "caption": "two men riding an elephant up some steps."}, {"image_id": 243657, "file_name": "000000243657.jpg", "caption": "a woman wearing black stockings and a pink dress climbing steps with a pink umbrella."}, {"image_id": 245842, "file_name": "000000245842.jpg", "caption": "a man with a dog walking up snowy stairs."}, {"image_id": 575096, "file_name": "000000575096.jpg", "caption": "girl in glasses and sweatshirt carrying a suitcase down stairs. "}, {"image_id": 41008, "file_name": "000000041008.jpg", "caption": "people walking up outside stairs in raincoats under umbrellas"}, {"image_id": 451983, "file_name": "000000451983.jpg", "caption": "a man carrying a bag of luggage up stairs."}, {"image_id": 529879, "file_name": "000000529879.jpg", "caption": "a dog sitting on the floor at the base of some stairs."}, {"image_id": 503074, "file_name": "000000503074.jpg", "caption": "a large boat sitting on a lush green lawn next to steps."}, {"image_id": 123765, "file_name": "000000123765.jpg", "caption": "a cat standing on its hind legs with its front legs resting on the steps of a ladder."}, {"image_id": 71295, "file_name": "000000071295.jpg", "caption": "a green staircase is packed to be very full."}, {"image_id": 325696, "file_name": "000000325696.jpg", "caption": "the person is standing on the top of the stairs with his umbrella."}, {"image_id": 466608, "file_name": "000000466608.jpg", "caption": "a man at the bottom of stairs in a station."}, {"image_id": 220077, "file_name": "000000220077.jpg", "caption": "a group of children standing in front of a red building next to steps."}, {"image_id": 176668, "file_name": "000000176668.jpg", "caption": "an open umbrella laying on the steps outside"}, {"image_id": 15110, "file_name": "000000015110.jpg", "caption": "a group of people walking on rainy street next to stairs."}, {"image_id": 434016, "file_name": "000000434016.jpg", "caption": "rustic city with crumbling walls and staircase and floor"}, {"image_id": 69283, "file_name": "000000069283.jpg", "caption": "a set of steps in front of a building with black umbrellas on it."}, {"image_id": 531906, "file_name": "000000531906.jpg", "caption": "several pieces of luggage sitting at the bottom of the stairs."}, {"image_id": 253556, "file_name": "000000253556.jpg", "caption": "a steamboat is in a river next to some stairs."}, {"image_id": 241265, "file_name": "000000241265.jpg", "caption": "a group of people carrying luggage on ropes up some steps."}, {"image_id": 509518, "file_name": "000000509518.jpg", "caption": "an elephant's trunk wraps around another elephant's head as they stand on some steps."}, {"image_id": 205217, "file_name": "000000205217.jpg", "caption": "a couple of men adjusting their ties in front of red steps."}, {"image_id": 232963, "file_name": "000000232963.jpg", "caption": "a senior man in suit and sandals sitting at and playing a grand piano in a ballroom with staircase and balcony with dressy people standing."}, {"image_id": 319576, "file_name": "000000319576.jpg", "caption": "a man sitting on brick steps next to a wall."}, {"image_id": 10743, "file_name": "000000010743.jpg", "caption": "the woman walks toward a staircase with a yellow umbrella."}, {"image_id": 430521, "file_name": "000000430521.jpg", "caption": "three kids standing outside near some steps. "}, {"image_id": 269355, "file_name": "000000269355.jpg", "caption": "a little baby with a umbrella that is on stairs "}, {"image_id": 114177, "file_name": "000000114177.jpg", "caption": "some luggage is sitting at the bottom of some stairs"}, {"image_id": 374785, "file_name": "000000374785.jpg", "caption": "an elephant walking across a set of stone steps."}, {"image_id": 470036, "file_name": "000000470036.jpg", "caption": "lots of men in suits make their way down stairs."}, {"image_id": 132997, "file_name": "000000132997.jpg", "caption": "the group of girls walk down a flight of stairs carrying umbrellas."}, {"image_id": 432019, "file_name": "000000432019.jpg", "caption": "an oriental red building is atop of some steps."}, {"image_id": 455875, "file_name": "000000455875.jpg", "caption": "asian ladies walking around with umbrellas by some steps."}, {"image_id": 11576, "file_name": "000000011576.jpg", "caption": "a group of young people standing at the top of some steps."}, {"image_id": 522868, "file_name": "000000522868.jpg", "caption": "side view of a man standing by and elephant with trunk raised to two women standing together on deck at top of stairs, outside."}, {"image_id": 355345, "file_name": "000000355345.jpg", "caption": "the people are walking up the steps carrying umbrellas."}, {"image_id": 403730, "file_name": "000000403730.jpg", "caption": "an adorable baby elephant steps forward beside an adult."}, {"image_id": 455486, "file_name": "000000455486.jpg", "caption": "a group on people standing on steps and posing for a picture. "}, {"image_id": 9372, "file_name": "000000009372.jpg", "caption": "a couple walking down stairs after a wedding."}, {"image_id": 190415, "file_name": "000000190415.jpg", "caption": "there is a young child standing in front of a staircase"}, {"image_id": 94766, "file_name": "000000094766.jpg", "caption": "a man walking up stairs carrying a briefcase "}, {"image_id": 451066, "file_name": "000000451066.jpg", "caption": "a large brown elephant walking up a set of steps."}, {"image_id": 492727, "file_name": "000000492727.jpg", "caption": "a bag of luggage sitting at the bottom of stairs."}, {"image_id": 132991, "file_name": "000000132991.jpg", "caption": "a group of women standing next to each other on steps."}, {"image_id": 315176, "file_name": "000000315176.jpg", "caption": "two adults walking with a green and white umbrella toward stairs on a city street."}, {"image_id": 389, "file_name": "000000000389.jpg", "caption": "a woman standing in a large group of people near stairs."}, {"image_id": 285804, "file_name": "000000285804.jpg", "caption": "this is a red piece of luggage on some stairs"}, {"image_id": 572, "file_name": "000000000572.jpg", "caption": "this is two men standing on some stairs"}, {"image_id": 46356, "file_name": "000000046356.jpg", "caption": "some steps going up inside a shack with a clothes line on the wall "}, {"image_id": 555391, "file_name": "000000555391.jpg", "caption": "a staircase sitting next to a little building"}, {"image_id": 232806, "file_name": "000000232806.jpg", "caption": "a person standing at the top of steps next to a dog."}, {"image_id": 358690, "file_name": "000000358690.jpg", "caption": "the man is playing an instrument on the stairs."}, {"image_id": 50028, "file_name": "000000050028.jpg", "caption": "a woman stands at the top of a snowy flight of stairs."}, {"image_id": 446827, "file_name": "000000446827.jpg", "caption": "a woman with a sun umbrella steps in to an auto rickshaw"}, {"image_id": 489031, "file_name": "000000489031.jpg", "caption": "gun, umbrella and toy guitar on top of box on stairs."}, {"image_id": 240902, "file_name": "000000240902.jpg", "caption": "a big, shaggy dog is tied up with its leash next to some stairs outside of a building."}, {"image_id": 75747, "file_name": "000000075747.jpg", "caption": "a young woman is throwing a frisbee near the steps of a school."}, {"image_id": 566319, "file_name": "000000566319.jpg", "caption": "black and white dog looking up with potted plants and wooden stairs"}, {"image_id": 48663, "file_name": "000000048663.jpg", "caption": "a piece of art with bananas using the stairs and escalator "}, {"image_id": 426420, "file_name": "000000426420.jpg", "caption": "a horse standing inside of a bar next to stairs."}, {"image_id": 423267, "file_name": "000000423267.jpg", "caption": "a woman sitting on steps holding a small white dog."}, {"image_id": 554410, "file_name": "000000554410.jpg", "caption": "a woman sitting on some steps with a dog by a beach."}, {"image_id": 56850, "file_name": "000000056850.jpg", "caption": "an ostrich steps in front of a zebra that is eating grass."}, {"image_id": 333708, "file_name": "000000333708.jpg", "caption": "a large white bear standing on cement steps."}, {"image_id": 281917, "file_name": "000000281917.jpg", "caption": "woman catching frisbee on cement walkway near stairs. "}, {"image_id": 513888, "file_name": "000000513888.jpg", "caption": "a dog steps into water on a beach."}, {"image_id": 51101, "file_name": "000000051101.jpg", "caption": "what appears to be a playground without grass, shows stairs at one end and  to the foreground a pole with a catch area holding discs and a circular top with chain links. "}, {"image_id": 556453, "file_name": "000000556453.jpg", "caption": "a skater jumps with his board down the stairs."}, {"image_id": 485303, "file_name": "000000485303.jpg", "caption": "a boy is doing a skateboarding trick on the steps outside of a building."}, {"image_id": 279693, "file_name": "000000279693.jpg", "caption": "a man on a skateboard jumping 3 stairs "}, {"image_id": 119523, "file_name": "000000119523.jpg", "caption": "a person jumping with their skateboard by some stairs"}, {"image_id": 17766, "file_name": "000000017766.jpg", "caption": "a teen man jumps his skateboard down stairs in the park."}, {"image_id": 132385, "file_name": "000000132385.jpg", "caption": "a man riding a skateboard through the air off of stone steps."}, {"image_id": 525467, "file_name": "000000525467.jpg", "caption": "a man riding a skateboard up some stone steps next to a metal fence."}, {"image_id": 56118, "file_name": "000000056118.jpg", "caption": "a skateboard doing a trick on the railing to some steps."}, {"image_id": 15902, "file_name": "000000015902.jpg", "caption": "a person doing skateboard tricks on the steps"}, {"image_id": 233991, "file_name": "000000233991.jpg", "caption": "a car parked on the street with a guy in the background skateboardingon some steps."}, {"image_id": 49886, "file_name": "000000049886.jpg", "caption": "a man riding a skateboard down stone steps."}, {"image_id": 264076, "file_name": "000000264076.jpg", "caption": "a man riding a skateboard down a row of cement steps."}, {"image_id": 431530, "file_name": "000000431530.jpg", "caption": "s skateboarder does a trick down a small flight of stairs"}, {"image_id": 437292, "file_name": "000000437292.jpg", "caption": "a kid does a trick on a skateboard off steps"}, {"image_id": 487679, "file_name": "000000487679.jpg", "caption": "a person jumping a skate board over a flight of stairs"}, {"image_id": 562824, "file_name": "000000562824.jpg", "caption": "a guy on a skateboard rides the handrails of the steps. "}, {"image_id": 207584, "file_name": "000000207584.jpg", "caption": "a guy in the air with his skateboard by some stairs "}, {"image_id": 531333, "file_name": "000000531333.jpg", "caption": "a teenager is skating down a staircase railing."}, {"image_id": 196063, "file_name": "000000196063.jpg", "caption": "the man is using his skate board down the steps."}, {"image_id": 544692, "file_name": "000000544692.jpg", "caption": "a man riding a skateboard down a flight of stairs."}, {"image_id": 235579, "file_name": "000000235579.jpg", "caption": "a young man riding a skateboard down a flight of steps."}, {"image_id": 487521, "file_name": "000000487521.jpg", "caption": "a man in black shirt jumping a skateboard over stairs."}, {"image_id": 546765, "file_name": "000000546765.jpg", "caption": "a boy riding a skateboard next to steps while people watch."}, {"image_id": 244711, "file_name": "000000244711.jpg", "caption": "young boy sitting on steps with his skateboard."}, {"image_id": 538523, "file_name": "000000538523.jpg", "caption": "a person riding a skateboard on some steps while two other people hold a conversation in the back."}, {"image_id": 334162, "file_name": "000000334162.jpg", "caption": "a boy on a skateboard going down a handrail at a set of stairs outside."}, {"image_id": 290804, "file_name": "000000290804.jpg", "caption": "the man is practicing his tricks down the stairs. "}, {"image_id": 393110, "file_name": "000000393110.jpg", "caption": "a skate boarder flying high in the air over steps."}, {"image_id": 397526, "file_name": "000000397526.jpg", "caption": "a skateboarder is going down a rail by steps."}, {"image_id": 261863, "file_name": "000000261863.jpg", "caption": "man flying up some stairs on his skate board"}, {"image_id": 572749, "file_name": "000000572749.jpg", "caption": "a boy is jumping from the top of the stairs with his skateboard."}, {"image_id": 63306, "file_name": "000000063306.jpg", "caption": "skateboarder doing a high jump down stairs at a competition."}, {"image_id": 225104, "file_name": "000000225104.jpg", "caption": "a boy skateboarding down a handrail in the middle of stairs."}, {"image_id": 30779, "file_name": "000000030779.jpg", "caption": "a boy wearing glasses is riding a skateboard down the stairs."}, {"image_id": 301537, "file_name": "000000301537.jpg", "caption": "a person with a skateboard walking towards some steps."}, {"image_id": 364280, "file_name": "000000364280.jpg", "caption": "the skateboarder is jumping down a flight of stairs."}, {"image_id": 62557, "file_name": "000000062557.jpg", "caption": "the skateboarders are practicing their tricks on the stairs. "}, {"image_id": 572663, "file_name": "000000572663.jpg", "caption": "a man on a skateboard riding down concrete stairs full of graffiti."}, {"image_id": 478899, "file_name": "000000478899.jpg", "caption": "a man is getting ready to go skiing while someone to his left is walking up some stairs. "}, {"image_id": 99803, "file_name": "000000099803.jpg", "caption": "a skateboarder is flying in the air over some steps."}, {"image_id": 492251, "file_name": "000000492251.jpg", "caption": "a man performing a skateboard trick down some stairs."}, {"image_id": 285600, "file_name": "000000285600.jpg", "caption": "boy jumping down stairs outside on his skateboard."}, {"image_id": 271941, "file_name": "000000271941.jpg", "caption": "a boy riding a skate board down steps in front of a school with other kids sitting around."}, {"image_id": 402902, "file_name": "000000402902.jpg", "caption": "skateboarder in blue shirt jumping down street stairs. "}, {"image_id": 515300, "file_name": "000000515300.jpg", "caption": "a man riding on a skateboard going down stairs. "}, {"image_id": 119118, "file_name": "000000119118.jpg", "caption": "a young man uses his skateboard to go down the steps."}, {"image_id": 10683, "file_name": "000000010683.jpg", "caption": "boy rides down stairs in front of house on skateboard"}, {"image_id": 370273, "file_name": "000000370273.jpg", "caption": "a man going down a handle on some stairs on a skate board"}, {"image_id": 297672, "file_name": "000000297672.jpg", "caption": "person a skate board coming down the railing of some stairs"}, {"image_id": 58448, "file_name": "000000058448.jpg", "caption": "a boy wearing a hat jumps a skateboard off some steps."}, {"image_id": 204275, "file_name": "000000204275.jpg", "caption": "person doing a trick on a skateboard on stairs."}, {"image_id": 474206, "file_name": "000000474206.jpg", "caption": "a skateboarder flips his board as he jumps from the top of a flight of steps. "}, {"image_id": 333575, "file_name": "000000333575.jpg", "caption": "double image of same walking up stairs with skateboard, the other, same person doing trick down the stairs."}, {"image_id": 117205, "file_name": "000000117205.jpg", "caption": "a boy skateboarding down the steps in front of a building. "}, {"image_id": 571141, "file_name": "000000571141.jpg", "caption": "outside, people that are situated in a space that is beside a ramp and to the rear of some steps, watch as a skateboarder leaps almost as high as the top of the railing bisecting the steps. "}, {"image_id": 570824, "file_name": "000000570824.jpg", "caption": "a man on a skatboard doing a flip next to stairs"}, {"image_id": 437516, "file_name": "000000437516.jpg", "caption": "a person skating on railing of stairs at public place."}, {"image_id": 104006, "file_name": "000000104006.jpg", "caption": "a man teeters on the edge of stairs on his skateboard."}, {"image_id": 166477, "file_name": "000000166477.jpg", "caption": "a man riding a skateboard down some steps."}, {"image_id": 70197, "file_name": "000000070197.jpg", "caption": "the young person is jumping with a skateboard down a flight of steps."}, {"image_id": 250129, "file_name": "000000250129.jpg", "caption": "a man rides his skateboard down a rail over a set of stairs"}, {"image_id": 51574, "file_name": "000000051574.jpg", "caption": "a man riding a skateboard down some green steps."}, {"image_id": 184820, "file_name": "000000184820.jpg", "caption": "a skateboarder rides the rail of a set of stairs."}, {"image_id": 168748, "file_name": "000000168748.jpg", "caption": "a man on a skateboard that is jumping stairs"}, {"image_id": 235029, "file_name": "000000235029.jpg", "caption": "a boy is skateboarding down a set of stairs."}, {"image_id": 158087, "file_name": "000000158087.jpg", "caption": "two skate boarders performing stunts at night on sidewalk and steps"}, {"image_id": 368346, "file_name": "000000368346.jpg", "caption": "a boy on a skateboard jumps over a set of stairs."}, {"image_id": 343357, "file_name": "000000343357.jpg", "caption": "a person riding a skateboard doing a trick on the stairs by a lake."}, {"image_id": 166797, "file_name": "000000166797.jpg", "caption": "the steps to making strawberry banana silver dollar pancakes."}, {"image_id": 313825, "file_name": "000000313825.jpg", "caption": "a skateboarder jumping high in the air near stairs."}, {"image_id": 178279, "file_name": "000000178279.jpg", "caption": "a skateboarder jumping some stairs at a building."}, {"image_id": 160679, "file_name": "000000160679.jpg", "caption": "skater in tie dye shirt riding over a staircase."}, {"image_id": 111716, "file_name": "000000111716.jpg", "caption": "a boy is skateboarding on the handrail of some stairs. "}, {"image_id": 578707, "file_name": "000000578707.jpg", "caption": "a person that is jumping a skateboard over some stairs"}, {"image_id": 557388, "file_name": "000000557388.jpg", "caption": "a person jumping some steps on a skateboard"}, {"image_id": 304746, "file_name": "000000304746.jpg", "caption": "the young man is jumping down a flight of cement steps. "}, {"image_id": 67566, "file_name": "000000067566.jpg", "caption": "a man holds a surfboard as he walks up the stairs."}, {"image_id": 320402, "file_name": "000000320402.jpg", "caption": "a young man jumping his skate board down a set of steps."}, {"image_id": 338230, "file_name": "000000338230.jpg", "caption": "a skateboarder doing a trick on some stairs."}, {"image_id": 178651, "file_name": "000000178651.jpg", "caption": "a skateboarder doing tricks on the stairs at night."}, {"image_id": 248733, "file_name": "000000248733.jpg", "caption": "man and women standing by stairs on skies."}, {"image_id": 130740, "file_name": "000000130740.jpg", "caption": "a skateboarder doing a trick down the rail of a staircase. "}, {"image_id": 506126, "file_name": "000000506126.jpg", "caption": "a guy on a skateboard in the air above stairs."}, {"image_id": 400398, "file_name": "000000400398.jpg", "caption": "a man riding a skateboard down a flight of steps."}, {"image_id": 48118, "file_name": "000000048118.jpg", "caption": "a guy attempting a skateboard trick down a flight of stairs"}, {"image_id": 447082, "file_name": "000000447082.jpg", "caption": "a  group of young people sitting on steps with skateboards."}, {"image_id": 135937, "file_name": "000000135937.jpg", "caption": "a surfer is on a treacherous waterway as others watch from the steps."}, {"image_id": 98882, "file_name": "000000098882.jpg", "caption": "the skateboarder does an aerial stunt of the stairs in the city."}, {"image_id": 18605, "file_name": "000000018605.jpg", "caption": "two men performing tricks on their skateboards next to stairs."}, {"image_id": 506710, "file_name": "000000506710.jpg", "caption": "teenaged boy skateboarding outdoors on concrete steps with friends. "}, {"image_id": 142977, "file_name": "000000142977.jpg", "caption": "a skateboarder jumps off a small set of steps."}, {"image_id": 451643, "file_name": "000000451643.jpg", "caption": "a man on a skateboard is riding next to some steps."}, {"image_id": 155194, "file_name": "000000155194.jpg", "caption": "a woman in pink shirt sitting on stairs with a soccer ball."}, {"image_id": 109218, "file_name": "000000109218.jpg", "caption": "an invisible man riding a skateboard over wooden steps."}, {"image_id": 31794, "file_name": "000000031794.jpg", "caption": "a snowboarder steps into his snowboard on a mountain."}, {"image_id": 347926, "file_name": "000000347926.jpg", "caption": "a person on a skateboard riding down the rail of some stairs."}, {"image_id": 267774, "file_name": "000000267774.jpg", "caption": "a man is snowboarding down a wall next to a staircase."}, {"image_id": 556624, "file_name": "000000556624.jpg", "caption": "a guy jumping over some stairs on a skateboard."}, {"image_id": 66995, "file_name": "000000066995.jpg", "caption": "a man skateboards on some steps in front of a statue."}, {"image_id": 258520, "file_name": "000000258520.jpg", "caption": "a couple of people with surf boards at the top of a set of steps leading to the beach."}, {"image_id": 80180, "file_name": "000000080180.jpg", "caption": "a boy is jumping from the top of the stairs on his skateboard."}, {"image_id": 271166, "file_name": "000000271166.jpg", "caption": "a man flying down a flight of steps on top of snow."}, {"image_id": 83605, "file_name": "000000083605.jpg", "caption": "a boy taking a long jump down marble stairs on his skateboard."}, {"image_id": 31851, "file_name": "000000031851.jpg", "caption": "a skate board rider leaps over a set of stairs"}, {"image_id": 318768, "file_name": "000000318768.jpg", "caption": "aerial skills displayed over stairs performed by skateboarder."}, {"image_id": 239580, "file_name": "000000239580.jpg", "caption": "a teen skateboarder flying in the air on his skateboard after jumping two steps."}, {"image_id": 138201, "file_name": "000000138201.jpg", "caption": "a person doing a skateboarding jumping trick next to a flagpole and concrete style steps."}, {"image_id": 105901, "file_name": "000000105901.jpg", "caption": "a man with a skateboard jumping over stairs."}, {"image_id": 13285, "file_name": "000000013285.jpg", "caption": "a group of guys near a small staircase with skate boards."}, {"image_id": 127965, "file_name": "000000127965.jpg", "caption": "black and white photo of skateboarder performing trick with steps"}, {"image_id": 81853, "file_name": "000000081853.jpg", "caption": "there is a male skateboarder going down a ramp of stairs"}, {"image_id": 75581, "file_name": "000000075581.jpg", "caption": "a young man is skateboarding on top of a handrail for outdoor steps."}, {"image_id": 88572, "file_name": "000000088572.jpg", "caption": "a young boy riding a skateboard near a set of steps."}, {"image_id": 355170, "file_name": "000000355170.jpg", "caption": "a guy getting ready to jump down some stairs with his skateboard "}, {"image_id": 73206, "file_name": "000000073206.jpg", "caption": "a man in a striped jacket is skiing backwards down a snow covered flight of stairs."}, {"image_id": 324496, "file_name": "000000324496.jpg", "caption": "a kid skating very high on the walking steps"}, {"image_id": 145311, "file_name": "000000145311.jpg", "caption": "a sandy beach with waves and a parking lot with stairs to the beach."}, {"image_id": 304627, "file_name": "000000304627.jpg", "caption": "a surfboard leaning on a wall near some stairs and a door."}, {"image_id": 386876, "file_name": "000000386876.jpg", "caption": "two little girls sitting on the steps and eating some food "}, {"image_id": 114653, "file_name": "000000114653.jpg", "caption": "a group of young people watching a young boy skateboard down a rail over some steps"}, {"image_id": 175012, "file_name": "000000175012.jpg", "caption": "boy in mid jump on skateboard on steps"}, {"image_id": 120541, "file_name": "000000120541.jpg", "caption": "a man riding a skateboard on top of cement steps."}, {"image_id": 295773, "file_name": "000000295773.jpg", "caption": "a boy holding a skateboard on a railing of some stairs "}, {"image_id": 554381, "file_name": "000000554381.jpg", "caption": "a skateboarder doing a jump of stairs through confetti"}, {"image_id": 548845, "file_name": "000000548845.jpg", "caption": "there is a man standing next to some stairs with his snowboard."}, {"image_id": 94701, "file_name": "000000094701.jpg", "caption": "a man doing a jump down some stairs with a skateboard"}, {"image_id": 296211, "file_name": "000000296211.jpg", "caption": "a skate boarder is doing some stunts on some steps."}, {"image_id": 569062, "file_name": "000000569062.jpg", "caption": "a man that is jumping a skateboard by some stairs"}, {"image_id": 8414, "file_name": "000000008414.jpg", "caption": "person doing a skateboard trick on concrete stairs."}, {"image_id": 154362, "file_name": "000000154362.jpg", "caption": "a person wearing blue ski pants jumps down a staircase."}, {"image_id": 572965, "file_name": "000000572965.jpg", "caption": "a night shot shows trees and sky, and to the foreground, a skateboarder leaping in an area close by some cement stairs.  "}, {"image_id": 233688, "file_name": "000000233688.jpg", "caption": "a skateboarder jumping down steps with his skateboard. "}, {"image_id": 412986, "file_name": "000000412986.jpg", "caption": "a skateboarder rides the railing of some stairs."}, {"image_id": 407845, "file_name": "000000407845.jpg", "caption": "a boy riding a skateboard on a rail over some steps."}, {"image_id": 486605, "file_name": "000000486605.jpg", "caption": "skateboarder jumping down concrete steps outside on his board. "}, {"image_id": 150650, "file_name": "000000150650.jpg", "caption": "someone doing a trick off of some steps at a skate park"}, {"image_id": 525518, "file_name": "000000525518.jpg", "caption": "a man on a skate board jumps some stairs "}, {"image_id": 253937, "file_name": "000000253937.jpg", "caption": "a teenaged boy performs a trick on his skateboard on top of a metal handrail next to concrete stairs."}, {"image_id": 106459, "file_name": "000000106459.jpg", "caption": "bedroom in an upstairs dormer with two beds and a desk."}, {"image_id": 167698, "file_name": "000000167698.jpg", "caption": "an upstairs bedroom with two small beds in it"}, {"image_id": 3077, "file_name": "000000003077.jpg", "caption": "tennis players posing for a group photo on the steps in front of a building."}, {"image_id": 132793, "file_name": "000000132793.jpg", "caption": "a living room with a spiral staircase in the background. "}, {"image_id": 512308, "file_name": "000000512308.jpg", "caption": "a doll house with an upstairs and downstairs."}, {"image_id": 379522, "file_name": "000000379522.jpg", "caption": "upstairs work area with long wooden beams in the center. "}, {"image_id": 511522, "file_name": "000000511522.jpg", "caption": "a man and woman walking up the stairs in a backyard. "}, {"image_id": 392098, "file_name": "000000392098.jpg", "caption": "an upstairs loft bedroom overlooking the living room "}, {"image_id": 385403, "file_name": "000000385403.jpg", "caption": "a bed sits under a set of stairs. "}, {"image_id": 112337, "file_name": "000000112337.jpg", "caption": "a man on some stairs holding a surfboard near the ocean shores"}, {"image_id": 266486, "file_name": "000000266486.jpg", "caption": "a baby sleeping on a blanket on the stairs"}, {"image_id": 61072, "file_name": "000000061072.jpg", "caption": "a bright light in a living room next to a table and a folded up stepstool. "}, {"image_id": 186888, "file_name": "000000186888.jpg", "caption": "old photograph of baseball team posed on a set of steps"}, {"image_id": 545727, "file_name": "000000545727.jpg", "caption": "a restaurant with wooden tables, stairs, and coca cola."}, {"image_id": 579103, "file_name": "000000579103.jpg", "caption": "a formal living room with stairs going up."}, {"image_id": 571916, "file_name": "000000571916.jpg", "caption": "local residents sit on stairs near a river on a hazy day."}, {"image_id": 441338, "file_name": "000000441338.jpg", "caption": "some people and a dog on some steps and a statue"}, {"image_id": 75311, "file_name": "000000075311.jpg", "caption": "a downstairs living room with a potted plant is pictured."}, {"image_id": 324626, "file_name": "000000324626.jpg", "caption": "two men are looking at something on a phone while sitting on stone steps."}, {"image_id": 159551, "file_name": "000000159551.jpg", "caption": "room with stairs, plants a rug and view of outdoors."}, {"image_id": 452524, "file_name": "000000452524.jpg", "caption": "a large space is decorated with couches and up one small set of stairs is an area with a large table and chairs and rows of seating."}, {"image_id": 380957, "file_name": "000000380957.jpg", "caption": "there is a brown couch and white curtains in this living room there are also stairs"}, {"image_id": 77177, "file_name": "000000077177.jpg", "caption": "a tv, a footstool, and a couch ate in an upstairs room."}, {"image_id": 71855, "file_name": "000000071855.jpg", "caption": "a furnished doll house with stairs to a second floor."}, {"image_id": 100517, "file_name": "000000100517.jpg", "caption": "the stairs in the interior of a house"}, {"image_id": 335304, "file_name": "000000335304.jpg", "caption": "a staircase in a modern looking livingroom home"}, {"image_id": 435832, "file_name": "000000435832.jpg", "caption": "cozy living area in upstairs room in home."}, {"image_id": 264926, "file_name": "000000264926.jpg", "caption": "young girls with backpacks are standing near stairs that look to go to the subway."}, {"image_id": 332124, "file_name": "000000332124.jpg", "caption": "beneath the floating staircase are restaurant tables set for dinner service. "}, {"image_id": 159357, "file_name": "000000159357.jpg", "caption": "a house with a staircase, ceiling fan and windows. "}, {"image_id": 148773, "file_name": "000000148773.jpg", "caption": "view of a living room from the upstairs showing hardwood floor, tv area, coffee tables and artwork."}, {"image_id": 193664, "file_name": "000000193664.jpg", "caption": "view of a couch, loveseat, piano and table from some stairs."}, {"image_id": 355555, "file_name": "000000355555.jpg", "caption": "there is a woman sitting on the stairs talking on the phone"}, {"image_id": 67297, "file_name": "000000067297.jpg", "caption": "an old fireplace is in the middle of the living room near a computer desk and stairs."}, {"image_id": 42860, "file_name": "000000042860.jpg", "caption": "stairs lead down to a beach where children play with kites. "}, {"image_id": 370378, "file_name": "000000370378.jpg", "caption": "a dollhouse room has a cat in a chair and two brown and white dogs sitting on a rug and a wooden staircase."}, {"image_id": 237179, "file_name": "000000237179.jpg", "caption": "a couch in the living room near some stairs "}, {"image_id": 148956, "file_name": "000000148956.jpg", "caption": "open living room with an open view into the upstairs. "}, {"image_id": 14138, "file_name": "000000014138.jpg", "caption": "a living room containing a dog beneath the staircase and a dog sitting on the steps. "}, {"image_id": 82198, "file_name": "000000082198.jpg", "caption": "this is a living room with a couch next to a staircase"}, {"image_id": 151848, "file_name": "000000151848.jpg", "caption": "a spiral staircase in a large wood house"}, {"image_id": 133281, "file_name": "000000133281.jpg", "caption": "a room in a house with stairs in the back."}, {"image_id": 238772, "file_name": "000000238772.jpg", "caption": "a wooden staircase in a home living room"}, {"image_id": 119837, "file_name": "000000119837.jpg", "caption": "living room with fireplace lit and staircase by couch"}, {"image_id": 89520, "file_name": "000000089520.jpg", "caption": "top view from stairs looking down at living room with fire place."}, {"image_id": 181849, "file_name": "000000181849.jpg", "caption": "a den with a couch, ottoman and up stairs area."}, {"image_id": 403915, "file_name": "000000403915.jpg", "caption": "a softball player steps toward a thrown ball."}, {"image_id": 140320, "file_name": "000000140320.jpg", "caption": "a clean well lit entry way, living room and staircase."}, {"image_id": 515212, "file_name": "000000515212.jpg", "caption": "a living room with couch, stairs, and table in it."}, {"image_id": 234422, "file_name": "000000234422.jpg", "caption": "a person with a baseball bat steps into the batters box"}, {"image_id": 553997, "file_name": "000000553997.jpg", "caption": "a woman steps and swings to hit a tennis ball with a racket."}, {"image_id": 451337, "file_name": "000000451337.jpg", "caption": "a living room with chairs is next to the stairs."}, {"image_id": 285099, "file_name": "000000285099.jpg", "caption": "a person in a downstairs room playing video games."}, {"image_id": 539507, "file_name": "000000539507.jpg", "caption": "upstairs, looking down, into a common area of someone's home"}, {"image_id": 28349, "file_name": "000000028349.jpg", "caption": "a modern home with wooden floors and a staircase is surrounded by trees."}, {"image_id": 256799, "file_name": "000000256799.jpg", "caption": "a view looking downward of a spiral staircase, clock and chandelier. "}, {"image_id": 394271, "file_name": "000000394271.jpg", "caption": "a den with a wooden floor, wall and upstairs balcony."}, {"image_id": 60982, "file_name": "000000060982.jpg", "caption": "the unusual staircase stands out in the contemporary settings."}, {"image_id": 509244, "file_name": "000000509244.jpg", "caption": "a white couch a chair some stairs and a lamp"}, {"image_id": 186544, "file_name": "000000186544.jpg", "caption": "a man steps forward to hit a tennis ball with a racket."}, {"image_id": 564475, "file_name": "000000564475.jpg", "caption": "several homes with two sets of stairs next to each other and a church with a clock on a building on the same street. "}, {"image_id": 310134, "file_name": "000000310134.jpg", "caption": "a dog sitting on a spiral staircase near the kitchen"}, {"image_id": 304887, "file_name": "000000304887.jpg", "caption": "a structure sitting near stairs in a house."}, {"image_id": 342417, "file_name": "000000342417.jpg", "caption": "a living room at the top of a staircase with several places to sit."}, {"image_id": 500764, "file_name": "000000500764.jpg", "caption": "a couch in a downstairs room with bookcases behind it."}, {"image_id": 462588, "file_name": "000000462588.jpg", "caption": "a brick path extends down the street, off to the left a girl sits on the steps and talks on her phone. "}, {"image_id": 341413, "file_name": "000000341413.jpg", "caption": "a woman sitting on concrete steps talking on phone."}, {"image_id": 382341, "file_name": "000000382341.jpg", "caption": "baseball player steps in the box and prepares for a pitch"}, {"image_id": 180466, "file_name": "000000180466.jpg", "caption": "a baseball player steps up to the plate."}, {"image_id": 268785, "file_name": "000000268785.jpg", "caption": "a professional baseball player steps into the batter's box in front of a catcher and umpire."}, {"image_id": 532589, "file_name": "000000532589.jpg", "caption": "a young baseball player steps up to bat."}, {"image_id": 120676, "file_name": "000000120676.jpg", "caption": "woman sitting down on outside steps taking a cellphone picture."}, {"image_id": 330295, "file_name": "000000330295.jpg", "caption": "woman sitting at top of stairs talking on phone and smoking a cigarette"}, {"image_id": 140776, "file_name": "000000140776.jpg", "caption": "a lady is sitting on steps of a house while talking on her phone."}, {"image_id": 196773, "file_name": "000000196773.jpg", "caption": "a female is sitting on some steps talking on her cell."}, {"image_id": 95124, "file_name": "000000095124.jpg", "caption": "a woman with a handbag walking up some stairs."}, {"image_id": 522719, "file_name": "000000522719.jpg", "caption": "a bunch of people walking near some tall steps."}, {"image_id": 326001, "file_name": "000000326001.jpg", "caption": "a display of historic pots and artifacts on display steps."}, {"image_id": 549101, "file_name": "000000549101.jpg", "caption": "a set of steps with lots of pots and jars on them."}, {"image_id": 72110, "file_name": "000000072110.jpg", "caption": "a man sitting on to of a set of wooden steps"}, {"image_id": 260772, "file_name": "000000260772.jpg", "caption": "a batter steps up to plate with a bat and readies to swing."}, {"image_id": 23743, "file_name": "000000023743.jpg", "caption": "a girl and boy in dirt area next to blue staircase."}, {"image_id": 455674, "file_name": "000000455674.jpg", "caption": "a carpeted staircase filled with pillows and teddy bears."}, {"image_id": 468570, "file_name": "000000468570.jpg", "caption": "a woman in black jacket sitting on stairs with a laptop."}, {"image_id": 371317, "file_name": "000000371317.jpg", "caption": "a man is hitting the tennis ball as he steps back."}, {"image_id": 565480, "file_name": "000000565480.jpg", "caption": "a man sits and looks at his phone on the steps."}, {"image_id": 402249, "file_name": "000000402249.jpg", "caption": "a barefoot person wearing a skirt and bikini top, standing at the top of stairs talking on a cell phone."}, {"image_id": 558031, "file_name": "000000558031.jpg", "caption": "they are moving a refrigerator up or down a flight of steps. "}, {"image_id": 452781, "file_name": "000000452781.jpg", "caption": "a woman talking on a cell phone while sitting outside on some stairs"}, {"image_id": 564503, "file_name": "000000564503.jpg", "caption": "view from stairs a few steps down, showing large buildings and clock"}, {"image_id": 80434, "file_name": "000000080434.jpg", "caption": "a man is sitting on some stairs on his phone by a tv. "}, {"image_id": 331797, "file_name": "000000331797.jpg", "caption": "a man sitting on steps holding a phone."}, {"image_id": 152406, "file_name": "000000152406.jpg", "caption": "a girl sitting on some steps talking on her cell phone."}, {"image_id": 560004, "file_name": "000000560004.jpg", "caption": "teddy bear resting on and around jars on the steps"}, {"image_id": 162182, "file_name": "000000162182.jpg", "caption": "there is a vase next to the stairs"}, {"image_id": 230393, "file_name": "000000230393.jpg", "caption": "a baseball player holding a bat near a set of steps."}, {"image_id": 231632, "file_name": "000000231632.jpg", "caption": "there is a book bag that is on the stairs"}, {"image_id": 477052, "file_name": "000000477052.jpg", "caption": "a tall white tower with flags, steps and a round clock."}, {"image_id": 143781, "file_name": "000000143781.jpg", "caption": "the man stands above the steps using his cell phone. "}, {"image_id": 289862, "file_name": "000000289862.jpg", "caption": "a window a grandfather clock stairs and a christmas tree"}, {"image_id": 279060, "file_name": "000000279060.jpg", "caption": "ge microwave oven sitting on its packing box in front of home entry stairs."}, {"image_id": 317792, "file_name": "000000317792.jpg", "caption": "a park area with a clock and marble steps"}, {"image_id": 136701, "file_name": "000000136701.jpg", "caption": "a pretty little blonde girl sitting on steps."}, {"image_id": 43150, "file_name": "000000043150.jpg", "caption": "a roofed stone structure in a courtyard with steps and a steeple with a clock on it."}, {"image_id": 445099, "file_name": "000000445099.jpg", "caption": "a woman holding a baby and two other people holding wine glasses in front of some stairs."}, {"image_id": 202270, "file_name": "000000202270.jpg", "caption": "a man and woman in black and white dress clothes between stairs."}, {"image_id": 412002, "file_name": "000000412002.jpg", "caption": "a couple posing for a picture near a staircase on a boat."}, {"image_id": 532622, "file_name": "000000532622.jpg", "caption": "the man is walking up the steps behind the other man."}, {"image_id": 86987, "file_name": "000000086987.jpg", "caption": "a man poses against a staircase with a clock tower in the distance."}, {"image_id": 498562, "file_name": "000000498562.jpg", "caption": "a cathedral that has steps in front of it and a clock in the tower. "}, {"image_id": 538149, "file_name": "000000538149.jpg", "caption": "a lot of teddy bears are sitting next to the stairs."}, {"image_id": 173644, "file_name": "000000173644.jpg", "caption": "a clock tower stands on steps surrounded by trees."}, {"image_id": 492750, "file_name": "000000492750.jpg", "caption": "a large teddy bear that is next to stairs"}, {"image_id": 462974, "file_name": "000000462974.jpg", "caption": "a vase and floral arrangements decorate the unusual center space created by a rounded staircase."}, {"image_id": 375192, "file_name": "000000375192.jpg", "caption": "a futuristic rendering with stairs and a utopia setting"}, {"image_id": 264821, "file_name": "000000264821.jpg", "caption": "the pregnant woman is posing on stairs next to stuffed bears."}, {"image_id": 408167, "file_name": "000000408167.jpg", "caption": "a bouquet of flowers on the concrete steps."}]